,Date (YYYY-MM),Rainfall [mm],Air Temperature [C],Wind Speed [m/s],Relative Humidity (%),Solar Radiation [J/m^2],Water Surface Temperature [C],NDTI,pH,COD (mg/L),BOD (mg/L),TSS,Oil & Grease (mg/L),Ammonical Nitrogen (mg/L),NDCI,Cholera
12,2021-01,0.9961213274193548,13.76328586096774,2.289575816780645,72.64515901193548,14284178.298387095,16.598271361290323,-0.0532729032258064,7.3,1136.0,310.0,724.0,36.0,54.8,0.0348374193548387,0
13,2021-02,0.3917424980357143,18.43449543071429,1.7646470444285711,61.67067378714285,18392331.915714286,22.650936079642857,-0.0250357142857142,7.4,392.0,102.0,168.0,45.2,45.2,0.0648285714285714,0
14,2021-03,0.277015561232258,24.30946090419355,2.317455443525806,44.21352916258065,22204138.51935484,28.030232014193547,0.0056645161290322,7.4,392.0,102.0,168.0,45.2,45.2,0.0803548387096774,0
15,2021-04,0.1453570544666666,28.692016093,2.5013118806,24.112674455666664,25768445.959999997,31.729750867,-0.0037666666666666,7.4,392.0,102.0,168.0,45.2,45.2,0.12,0
16,2021-05,1.4323596451935483,29.618987040645163,1.872828630996774,48.01611022387097,23751951.742903225,32.92972445064516,-0.040658064516129,7.35,320.0,195.0,1042.0,38.0,30.0,0.1127193548387096,0
17,2021-06,1.8642962993,32.098141543000004,1.64751815618,54.206919658,23512163.608333334,30.803228274333332,-0.0616466666666666,7.35,320.0,195.0,1042.0,38.0,30.0,0.146602,0
18,2021-07,10.96118742034516,31.00391261677419,2.0334840095064517,68.99944782419354,16801251.674516127,31.000189126451613,-0.0602,7.59,112.0,80.0,1308.0,16.4,53.9,0.0882,7
19,2021-08,5.881622402032258,29.13539148935484,2.0302421840290323,75.88158207129032,18350169.530967742,27.98418937645161,-0.0591483870967741,7.75,314.0,100.0,772.0,16.4,50.94,0.1117335483870967,30
20,2021-09,12.052307954000002,27.431641239666664,2.08027712053,83.58868686,15046635.453,28.579128197333333,-0.0891,7.31,312.0,196.0,644.0,14.4,25.0,0.10882,31
21,2021-10,0.8677327661935483,24.55943795483871,1.8022318633709675,70.00300516096775,17494637.25129032,28.493545687419353,-0.0858387096774193,6.6,688.0,160.0,508.0,18.4,32.4,0.1092129032258064,25
22,2021-11,0.0,19.05549604666667,1.8348039374133336,62.89750140933334,15770154.408333331,22.454314684666667,0.0895333333333333,6.6,688.0,160.0,508.0,18.4,32.4,0.0783166666666666,1
23,2021-12,0.2771350167741935,14.61182162451613,1.8300868706774192,68.12385693709678,12517257.443548389,17.353621232258064,0.0110258064516129,7.7,636.0,220.0,508.0,14.8,58.6,0.0394258064516129,0
24,2022-01,2.1653559361290324,12.773223803225806,2.0638570793193547,79.30128700709676,11588000.0,15.801932558709677,-0.0347419354838709,7.7,636.0,220.0,508.0,14.8,58.6,0.0561387096774193,0
25,2022-02,0.7176589916214287,15.574681491428572,2.057999151517857,70.09852197535714,17457760.156785715,19.996329957142855,-0.0390464285714285,7.2,642.0,222.0,502.0,36.8,58.0,0.038875,0
26,2022-03,0.0,24.246906432903224,2.1496381628774195,51.74276670645161,22712377.038064513,28.57849260967742,0.0062129032258064,7.2,642.0,222.0,502.0,36.8,58.0,0.0558451612903225,0
27,2022-04,0.0,30.816132630333335,1.7825187992236666,25.139116565,25995995.560999997,33.92295781,0.0177333333333333,7.3,580.0,216.0,540.0,40.8,60.0,0.11178,0
28,2022-05,1.318786328716129,32.37391132193549,1.6518614233935485,42.85794228967742,25740670.073870968,31.2818203516129,0.0606129032258064,7.4,624.0,232.0,512.0,39.6,62.0,0.1158032258064516,10
29,2022-06,1.5809104961933331,33.51139859133333,2.3854901557033332,41.66907122833334,23481376.737666667,32.111901032666665,0.0049066666666666,7.2,608.0,240.0,524.0,38.4,64.0,0.0836156666666666,22
30,2022-07,7.247140241129033,29.502711704193548,2.1015816701967744,78.21009094096775,17398616.711290322,29.79000390483871,-0.0626735483870967,7.3,600.0,230.0,536.0,44.4,68.0,0.0769241935483871,8
31,2022-08,4.171843168090323,28.74170156516129,2.282911037545161,77.23816441000001,16701198.046129031,28.075344009032257,-0.0311748387096774,7.5,644.0,248.0,540.0,36.0,62.6,0.0543509677419354,2
32,2022-09,6.8278263274499995,28.226167234,1.929432257653,74.41390220666668,15926247.867333332,28.113055204,-0.06405,7.6,384.0,124.0,438.0,9.6,26.3,0.10155,6
33,2022-10,2.90691628,23.918807065789473,1.679524691568421,73.37173447263159,15188359.937526315,27.97401454421053,-0.0053870967741935,7.23,652.0,280.0,548.0,37.2,62.7,0.0556774193548387,6
34,2022-11,0.0,19.963626226333336,1.9074344797633336,62.786324077,15642187.658333331,23.545810825,-0.0286333333333333,7.1,668.0,268.0,564.0,36.8,64.5,0.0562666666666666,9
35,2022-12,0.188272020032258,15.058702333548387,2.3410591143354837,65.53760451354839,14143305.306451611,18.377933944193547,-0.0269190322580645,6.8,672.0,280.0,552.0,36.4,63.9,0.0384938709677419,4
36,2023-01,0.8269497662516129,12.675483731838709,1.9399862644096773,74.16904329258064,13412048.45580645,17.30217514354839,0.0370609677419354,6.8,672.0,280.0,552.0,36.4,63.9,0.0405577419354838,0
37,2023-02,0.2908649582714285,18.771953360714285,2.3186870501142858,57.07124378642857,18525918.26892857,21.771345538928575,-0.0577464285714285,6.3,672.0,240.0,556.0,18.4,34.1,0.0295142857142857,0
38,2023-03,1.2976554067419357,22.2195661883871,1.7058335078580646,59.414684707096775,20103773.396709677,26.203741799354837,-0.0182258064516129,6.3,672.0,240.0,556.0,18.4,34.1,0.0862032258064516,1
39,2023-04,0.2517661853,26.767427232666662,1.8204557299633335,38.10246826866667,24330235.611333333,30.265018365666663,-0.0676133333333333,6.4,704.0,250.0,524.0,18.0,35.4,0.1219933333333333,3
40,2023-05,2.0558985643548384,29.300055296774193,1.6845751109935485,44.980130663870966,24726247.891612902,30.96067537677419,-0.0714548387096774,6.6,656.0,225.0,492.0,17.6,34.8,0.1352741935483871,3
41,2023-06,3.5999726794333333,31.349500868333333,2.2309469921366665,56.13763178566667,20768879.091666665,30.126341938666663,-0.03774,6.2,640.0,220.0,488.0,16.8,32.1,0.13425,5
42,2023-07,9.631198226516128,29.001166136451612,1.921530957577419,82.41039584354839,15691422.14596774,27.71644651129032,0.0178,6.6,624.0,205.0,504.0,16.4,33.9,0.0821,27
43,2023-08,4.862124765377419,29.65310577516129,2.3637753862064517,72.28887415806452,18413789.34935484,28.56555324806451,0.0366741935483871,6.5,608.0,215.0,480.0,16.0,35.2,0.0397032258064516,33
44,2023-09,3.7713815013333334,28.613148498666664,1.685909613770333,73.95185036900001,18039981.120166667,29.416754579333332,-0.09795,6.4,640.0,236.0,472.0,16.8,34.2,0.19015,7
45,2023-10,0.5857408816129033,25.388236433870965,1.5960935873193547,55.29471755612903,18476780.747741938,28.479172521290323,-0.0304032258064516,6.4,624.0,230.0,496.0,15.6,33.4,0.1081935483870967,3
46,2023-11,0.2183840648666666,20.900519371333335,1.3865357038066668,64.166916068,14528663.133333333,22.709704406333337,-0.0368666666666666,6.8,656.0,240.0,480.0,16.0,32.1,0.0359166666666666,2
47,2023-12,0.1883696330322581,15.737485524516128,1.7343259975290324,68.96846160193547,13406615.564516127,18.43815671967742,-0.0037435483870967,6.5,640.0,215.0,454.0,14.8,34.4,0.0307177419354838,3
48,2024-01,0.4190940951612903,12.005010551645162,1.442491147219355,77.75548691483871,13710009.891290322,14.386465580967744,-0.0154332258064516,6.5,640.0,215.0,454.0,14.8,34.4,0.0518332258064516,0
49,2024-02,0.7238967134482759,16.184102762068967,2.207322393975862,60.96234581,17604249.55672414,19.386429409310345,-0.0590006896551724,6.8,600.0,190.0,364.0,16.8,29.2,0.0517006896551724,0
50,2024-03,0.4459156219354839,21.573681090645163,2.1341600156,50.89898418612903,21919569.200322583,24.943932172580645,-0.0162096774193548,6.8,600.0,190.0,364.0,16.8,29.2,0.0718612903225806,0
51,2024-04,0.321543088115,28.746351686666667,2.3866778294833333,27.819350605666667,24725589.564666662,29.880500226,-0.0405543333333333,7.1,576.0,200.0,388.0,8.2,26.0,0.1234823333333333,10
52,2024-05,0.1729489021935484,33.76385673258065,2.2301609052193547,27.70309060064516,26910073.06516129,34.158724276774194,-0.0573893548387096,7.1,544.0,220.0,400.0,12.4,18.2,0.1630622580645161,46
53,2024-06,2.9131951192279666,34.58123677566667,2.70045909795,40.984171264666664,23082821.275,35.039497403666665,-0.036119,6.9,528.0,225.0,424.0,18.0,16.3,0.2328763333333333,43
54,2024-07,7.966525832161291,30.119942601935485,1.4787965351935484,80.04890628096774,16816521.303709675,31.205179348387095,-0.0715141935483871,7.1,472.0,200.0,432.0,16.0,18.8,0.1268570967741935,86
55,2024-08,9.489025023451614,28.211369943225808,2.070323569770967,84.16441209322582,14418752.832903223,29.983789471612905,-0.0489287096774193,7.1,472.0,200.0,432.0,16.0,18.8,0.0737141935483871,107
56,2024-09,10.216835476233332,27.410838423666668,1.5975561931666666,82.83503839433334,14380364.095333334,27.909184388000003,-0.0497166666666666,7.4,456.0,180.0,404.0,12.0,24.5,0.063889,63
57,2024-10,0.2738358752107258,26.178874547419355,1.5375987743967745,65.98301846483871,18543761.447741937,29.267446728387096,-0.0482387096774193,7.8,440.0,166.0,424.0,14.4,17.5,0.1166106451612903,17
58,2024-11,0.0,21.409232457,1.4664533769333334,66.08127247166667,15327259.55,23.134466164,0.00769,7.2,336.0,180.0,344.0,15.2,20.1,0.0614533333333333,14
59,2024-12,0.9967741835096776,14.728506732258063,2.1152549385838713,64.92391406935484,13092595.266129032,17.206404061935483,-0.0387567741935483,6.7,408.0,133.0,448.0,16.8,12.2,0.0350658064516129,1
60,2025-01,0.5776652610645161,13.658196837741936,2.0741366510967745,75.92575706258064,14575178.572580645,15.97389988483871,-0.039498064516129,6.6,400.0,150.0,416.0,12.8,13.1,0.03916,2
61,2025-02,0.4296249208892857,17.898935775714286,2.3151635604357144,59.50722375392858,17355051.265178572,20.09928779464286,-0.0484785714285714,6.6,368.0,160.0,380.0,10.0,10.3,0.0488428571428571,2
62,2025-03,0.3572345554838709,22.693279602580645,2.3640983356612906,44.74376448677419,22548466.10580645,26.18907058483871,-0.0161290322580645,7.6,272.0,120.0,384.0,11.6,13.0,0.1001516129032258,3
